ID;Title;Description;Date/Time
1;Дело1;Описание 1;2023-02-13 13:12:00
2;Дело2;Описание 2;2022-12-13 12:12:00
3;Дело3;Описание 3;2022-11-23 08:10:00
4;Дело4;Описание 4;2023-01-14 09:10:00
5;Дело5;Описание 5;2023-01-14 10:10:00
6;Дело6;Описание 6;2023-02-09 11:30:00
7;Дело7;Описание 7;2023-02-09 15:40:00
8;Дело8;Описание 8;2023-01-04 11:15:00
9;Дело9;Описание 9;2023-01-04 03:18:00
10;Дело10;Описание 10;2022-11-02 07:20:00
11;Дело11;Описание 11;2022-11-02 07:22:00
12;Дело12;Описание 12;2022-10-02 07:30:00
13;Дело13;Описание 13;2022-10-03 07:30:00
14;Дело14;Описание 14;2022-10-04 07:30:00
